ID_salarié,Nom,Prénom,Date_de_naissance,BU,Date_d'embauche,Salaire_brut,Type_de_contrat,Nombre_de_jours_de_CP,Adresse_du_domicile,Moyen_de_déplacement
59019,Colin,Audrey,1990-07-06,Marketing,2020-12-14,30940,Cdi,29,"128 Rue Du Port, 34000 Frontignan",Transports En Commun
19841,Ledoux,Monique,1962-01-06,R&D,2020-07-07,74360,Cdi,26,"68 Rue Du Port, 34970 Saint-Clément-De-Rivière",Véhicule Thermique/Électrique
56482,Dumont,Michelle,1976-08-09,Ventes,2022-03-29,51390,Cdi,27,"100 Av. De La Gare, 30900 Nîmes",Véhicule Thermique/Électrique
21886,Toussaint,Judith,1962-09-10,Support,2021-12-12,70320,Cdi,29,"53 Av. De La Gare, 34970 Lattes",Marche/Running
81001,Bailly,Michelle,1975-04-20,Ventes,2025-02-19,46870,Cdd,29,"74 Rue Des Fleurs, 34970 Lattes",Marche/Running
17757,Bazin,Margaret,1982-11-24,Support,2023-04-17,31460,Cdi,25,"Av. De La Mer, 34470 Pérols",Vélo/Trottinette/Autres
17036,Jacques,Julien,1970-12-19,Marketing,2021-08-21,72480,Cdi,29,"28 Rue Du Port, 34140 Mèze",Véhicule Thermique/Électrique
36913,Pons,Brigitte,1977-12-27,Finance,2020-05-26,59790,Cdi,28,"169 Rue Jean Jaures, 34730 Prades-Le-Lez",Transports En Commun
79006,Rousset,Jérome,1979-02-01,R&D,2020-09-07,29240,Cdi,28,"44 Rue Jean Jaures, 34730 Prades-Le-Lez",Véhicule Thermique/Électrique
62296,Chauvin,Zakaria,1987-10-02,Finance,2024-11-23,68680,Cdd,26,"31 Av. Grassion Cibrand, 34130 Mauguio",Vélo/Trottinette/Autres
90284,Chartier,Aurélie,1999-01-26,Marketing,2025-01-02,56400,Cdi,29,"136 Rue Des Grottes, 34130 Mauguio",Véhicule Thermique/Électrique
83440,Maillard,Augustin,1987-03-05,R&D,2023-10-27,31030,Cdi,28,"38 Rue Du Muscadet, 34090 Montpellier",Transports En Commun
18246,Tessier,Francoise,1986-11-11,Ventes,2025-01-11,30680,Cdi,28,"181 Av. De La Gare, 34970 Lattes",Vélo/Trottinette/Autres
33386,Neveu,Yves,1998-11-18,R&D,2020-08-14,50170,Cdi,28,"24 Rue De La Cadoule, 34740 Vendargues",Véhicule Thermique/Électrique
19773,Fischer,Benoit,1981-03-31,Support,2025-03-24,62670,Cdi,25,"110 Rue De La République, 34000 Montpellier",Véhicule Thermique/Électrique
70643,Rodriguez,Antoine,1982-03-11,Finance,2021-01-12,29440,Cdi,26,"1037 Val Des Sources, 34090 Montpellier",Vélo/Trottinette/Autres
25701,Foucher,Eugénie,1971-04-25,Finance,2021-06-22,56470,Cdi,25,"63 Rue Du Marché, 34800 Clermont-L'Hérault",Véhicule Thermique/Électrique
99514,Olivier,Léon,1962-03-01,Support,2025-02-02,67110,Cdi,29,"1 Rue Gerhardt, 34000 Montpellier",Transports En Commun
43124,Laole,Francoise,1970-07-01,Ventes,2021-05-25,44040,Cdi,28,"121 Bis Rue Des Carignans, 34790 Grabels",Véhicule Thermique/Électrique
56632,Evrard,Claire,1970-05-03,Finance,2021-03-10,62760,Cdi,25,"70 Av. Jean Jaurès, 30900 Nîmes",Véhicule Thermique/Électrique
28160,Humbert,Victor,1972-04-26,Marketing,2024-09-28,33620,Cdi,25,"38 Plan Des Arbousiers, 34970 Lattes",Vélo/Trottinette/Autres
15493,Devaux,Alice,1994-12-21,Support,2020-12-06,73720,Cdi,28,"50 Boulevard De La Mer, 34880 La Grande-Motte",Véhicule Thermique/Électrique
84233,Gauthier,Michelle,1989-01-20,Finance,2024-12-29,73160,Cdi,26,"Av. De La Mer, Montpellier",Vélo/Trottinette/Autres
17997,Dias,Mathilde,1974-10-15,Support,2023-04-02,27040,Cdi,27,"9 Rue Four Des Flammes, 34000 Montpellier",Véhicule Thermique/Électrique
48589,Lopez,Robert,1984-08-23,Marketing,2021-07-14,49610,Cdi,25,"45 Rue De La République, 34000 Montpellier",Vélo/Trottinette/Autres
76341,Joubert,Claudine,1981-08-15,Finance,2023-01-13,43710,Cdi,29,"57 Av. De La Liberté, 34070 Montpellier",Vélo/Trottinette/Autres
89943,Royer,Benjamin,1996-12-10,Finance,2020-11-14,65310,Cdi,29,"40 Rue Du Pradas, 34470 Pérols",Marche/Running
46253,Blin,Léa,1975-05-02,Marketing,2020-10-05,43450,Cdi,27,"32 Trav. De La Brigantine, 34970 Lattes",Véhicule Thermique/Électrique
17376,Rey,Diane,1971-09-18,Finance,2022-06-16,69760,Cdi,29,"1932 Ham. De Rabejac, 34700 Le Puech",Véhicule Thermique/Électrique
22426,Poirier,Gabriel,1972-11-05,Ventes,2023-12-29,67610,Cdi,26,"103 Av. De La Plage, 34450 Vias",Véhicule Thermique/Électrique
34413,Aubert,Brigitte,1978-05-24,Ventes,2023-07-15,71040,Cdi,25,"367 Av. Marcel Pagnol, 34470 Pérols",Marche/Running
44472,Lemaire,Maurice,1973-12-18,Finance,2024-11-26,63860,Cdi,29,"94 Rue Jean Jaurès, 34740 Vendargues",Véhicule Thermique/Électrique
97309,Roussel,Charles,1978-12-22,Ventes,2020-07-12,73490,Cdi,28,"51 Av. De La Mer, 34470 Pérols",Véhicule Thermique/Électrique
39874,Rossi,Claire,1997-05-05,Support,2024-03-28,57460,Cdd,27,"87 Rue Du Marché, 34400 Lunel",Véhicule Thermique/Électrique
92736,Lagarde,Alain,1983-06-03,Support,2021-11-04,43210,Cdi,27,"187 Chem. De La Draye Du Marbre, 34170 Castelnau-Le-Lez",Vélo/Trottinette/Autres
43015,Mendes,Juliette,1991-10-22,Support,2025-03-06,57040,Cdi,26,"199-97 Av. Du Pichagret, 34980 Saint-Gély-Du-Fesc",Véhicule Thermique/Électrique
71502,Louis,Mégane,1979-01-28,Finance,2023-01-25,33850,Cdi,25,455 Route De Mendes 34000 Montpellier,Vélo/Trottinette/Autres
16872,Toussaint,Francoise,1999-11-13,Finance,2023-01-26,30560,Cdi,27,"10 Av. Maréchal Leclerc, 34280 La Grande-Motte",Vélo/Trottinette/Autres
76771,Munoz,Andréa,1985-01-17,Ventes,2023-02-12,55670,Cdi,29,"Pl. De La Liberté, 34430 Saint-Jean-De-Védas",Véhicule Thermique/Électrique
50408,Bonneau,Monique,1986-04-27,Support,2024-02-22,54710,Cdd,27,"118 Imp. Des Vignes, 34470 Pérols",Marche/Running
49804,Carlier,Constance,1976-02-16,R&D,2024-09-02,70060,Cdi,25,"200 Rue Du Stade, 34830 Clapiers",Véhicule Thermique/Électrique
20083,Jacquot,Marcel,1971-05-20,Support,2021-08-12,38870,Cdi,27,"13 Bd De La Liberté, 34500 Béziers",Véhicule Thermique/Électrique
37866,Gautier,Marine,1972-01-17,R&D,2021-09-10,50700,Cdi,27,"4 Av. De La Paix, 34690 Fabrègues",Transports En Commun
71190,Vallet,Andre,1977-09-15,Finance,2021-06-30,58580,Cdi,26,"68 Rue Du N, 34920 Le Crès",Vélo/Trottinette/Autres
57202,Martel,Louis,1984-07-03,R&D,2022-09-03,33450,Cdi,26,"8 Rue Achille Bege, 34090 Montpellier",Transports En Commun
27620,Hebert,William,1973-03-10,Ventes,2025-03-24,68120,Cdi,25,"18 Rue Des Vignes, 34970 Lattes",Vélo/Trottinette/Autres
36981,Schmitt,Jules,1999-03-11,Marketing,2024-11-19,42410,Cdd,25,"47 Av. De La Gare, 34970 Lattes",Marche/Running
89328,Lambert,Denise,1987-09-05,Ventes,2021-07-01,38930,Cdi,29,"8 Rue De La Vieille, 34000 Montpellier",Vélo/Trottinette/Autres
50309,Lacroix,Olivie,1964-09-22,Support,2021-07-05,32520,Cdi,26,"76 Av. De La Plage, 34410 Sérignan",Véhicule Thermique/Électrique
32690,Hamon,Paul,1980-05-18,R&D,2020-11-12,36430,Cdi,29,"84 Rue Du Port, 34470 Pérols",Vélo/Trottinette/Autres
43861,Klein,Christine,2001-03-08,Finance,2024-12-10,43810,Cdi,28,"87 Av. De La Plage, 34450 Vias",Véhicule Thermique/Électrique
17027,Boyer,Julie,1995-04-19,Support,2022-09-04,36180,Cdi,25,"Pl. Jean Jaurès, 34000 Montpellier",Vélo/Trottinette/Autres
99401,Pons,Yves,1969-02-28,Ventes,2022-11-28,66130,Cdi,29,"20 Av. De La Paix, 34690 Fabrègues",Véhicule Thermique/Électrique
86847,Arnaud,Jeremy,1989-05-13,Support,2020-03-31,29180,Cdi,28,"139 Av. Des Pins, 34150 Gignac",Véhicule Thermique/Électrique
58045,Provost,Elodie,1970-06-17,Marketing,2024-11-16,42910,Cdd,27,"112 Chem. Des Pins, 34170 Castelnau-Le-Lez",Vélo/Trottinette/Autres
53673,Ferrand,Julien,1986-08-21,Finance,2024-09-26,31700,Cdi,26,"129 Av. De La Liberté, 34070 Montpellier",Vélo/Trottinette/Autres
13064,Thibault,Henriette,1972-03-27,R&D,2021-07-31,74990,Cdi,26,"3 Rue De La République, 34770 Gigean",Véhicule Thermique/Électrique
18918,Michaud,Naomie,1963-09-13,Marketing,2020-08-10,25610,Cdi,27,"21 Av. Du Port, 34540 Balaruc-Les-Bains",Véhicule Thermique/Électrique
51328,Albert,Adèle,2000-05-28,Support,2020-07-31,74300,Cdi,25,"22 Rue De La Paix, 34130 Mauguio",Vélo/Trottinette/Autres
86633,Rodriguez,Léon,1963-03-07,Support,2022-06-29,27260,Cdi,25,"140 All. Des Vignes, 34280 La Grande-Motte",Véhicule Thermique/Électrique
29200,Gosselin,Joseph,1995-12-19,Support,2022-09-26,34610,Cdi,27,"21 All. Martine Carol, 34070 Montpellier",Transports En Commun
43542,Pendragon,Arthur,2002-08-04,R&D,2021-04-30,47370,Cdi,26,"18 Rue Des Arbousiers, 34230 Bélarga",Véhicule Thermique/Électrique
64886,De Oliveira,Nath,1961-03-27,R&D,2024-10-25,38670,Cdi,29,"4 Pl. Des Écoles, 34970 Lattes",Marche/Running
45140,Henry,Roger,1967-09-15,Marketing,2024-11-03,52770,Cdi,25,"84 Rue Des Écoles, 34980 Saint-Clément-De-Rivière",Vélo/Trottinette/Autres
44927,Fischer,Hugues,1977-07-22,Ventes,2023-02-08,62370,Cdi,25,"143 Rue Des Sansouïres, 34970 Lattes",Vélo/Trottinette/Autres
79837,Muller,Alphonse,1970-12-10,Ventes,2020-05-26,30360,Cdi,27,"11 Lot. Mas De Combes, 34230 Popian",Véhicule Thermique/Électrique
76903,Lemaire,Victor,1979-12-30,Finance,2020-11-08,60670,Cdi,26,"260 Chem. Du Pompage, 34800 Canet",Véhicule Thermique/Électrique
30351,Samson,Julien,1969-03-25,Marketing,2022-12-28,51610,Cdi,28,"21 Rue De La Liberté, 34700 Soumont",Véhicule Thermique/Électrique
20697,Cousin,Antoine,1990-09-18,Marketing,2021-02-15,37620,Cdi,27,"12 Rue William Et Catherine Booth, 34070 Montpellier",Véhicule Thermique/Électrique
37830,Toussaint,Alexandre,1981-01-03,Ventes,2021-07-08,28050,Cdi,26,"18 Rue Des Agapanthes, 34470 Pérols",Transports En Commun
34678,Mendes,Astrid,1972-01-31,Finance,2023-11-01,59520,Cdi,27,"32 Av. Jean - Louis Etienne, 34740 Vendargues",Véhicule Thermique/Électrique
54625,Paul,Christiane,1994-04-18,Support,2022-11-18,70550,Cdi,27,"26 Bd De La Liberté, 34830 Clapiers",Vélo/Trottinette/Autres
70575,Munoz,Charlene,1991-03-22,R&D,2022-04-22,43520,Cdi,25,"138 Rue De La République, 30600 Vauvert",Véhicule Thermique/Électrique
66882,Leleu,Guillaume,2002-01-21,Finance,2021-11-26,43860,Cdi,28,"3 Rue Tadorne, 34140 Mèze",Véhicule Thermique/Électrique
35719,Navarro,Alain,1983-02-22,Finance,2022-03-30,32350,Cdi,26,"81 Av. Du Général Leclerc, 34470 Pérols",Transports En Commun
28529,Lefort,Thibaut,1992-01-19,Finance,2021-07-12,25730,Cdi,26,"100 Bd Victor Hugo, 34000 Montpellier",Vélo/Trottinette/Autres
60358,Lesage,Mathilde,1981-09-04,R&D,2022-03-29,44830,Cdi,28,"15 Rue De La République, 34000 Montpellier",Vélo/Trottinette/Autres
50504,Fabre,Christiane,1995-10-04,Finance,2021-09-04,37910,Cdi,26,"10 Rue Du Marché Aux Raisins, 34750 Villeneuve-Lès-Maguelone",Vélo/Trottinette/Autres
56530,Morin,Francis,1977-01-30,Ventes,2022-02-07,51800,Cdi,29,"124 Rue Des Écoles, 34540 Balaruc-Les-Bains",Transports En Commun
45221,Georges,Bernard,1976-09-11,Finance,2020-07-25,34230,Cdi,25,"215 Rue Alphonse Allais, 34070 Montpellier",Vélo/Trottinette/Autres
86948,Boutin,Philippine,1984-10-28,Finance,2023-10-16,73110,Cdi,27,"85 Av. De La Paix, 34690 Fabrègues",Vélo/Trottinette/Autres
34899,Besson,Hugues,1971-04-03,Support,2022-04-04,72360,Cdi,28,"Pl. De La Liberté, 34470 Pérols",Marche/Running
36827,Devaux,Audrey,1963-07-16,Finance,2022-09-22,39290,Cdi,26,"Pl. Du Marché, 34250 Palavas-Les-Flots",Vélo/Trottinette/Autres
66425,Jourdan,Thomas,1979-11-17,Marketing,2021-11-30,43530,Cdi,25,"111 Rue Du Ctre, 34160 Saint-Drézéry",Véhicule Thermique/Électrique
77789,Bourgeois,Benjamin,1985-01-14,Support,2021-07-03,25570,Cdi,27,"176 Bd De La Liberté, 34830 Clapiers",Véhicule Thermique/Électrique
46158,Marchand,Martin,1960-04-24,R&D,2022-11-05,47730,Cdi,26,"44 Av. De La Paix, 34690 Fabrègues",Vélo/Trottinette/Autres
34382,Payet,Capucine,1991-06-18,Marketing,2022-12-04,48430,Cdi,25,"151 Bd Victor Hugo, 34000 Montpellier",Transports En Commun
60141,Colin,Iris,1999-10-15,R&D,2024-03-18,74000,Cdi,28,"17 Rue Du Ctre, 34160 Saint-Drézéry",Véhicule Thermique/Électrique
68454,Ribeiro,Catherine,1970-01-18,Support,2023-03-03,59240,Cdi,25,"121 Rue Du Marché, 34800 Clermont-L'Hérault",Véhicule Thermique/Électrique
45725,Boulanger,Henri,1962-10-07,Ventes,2023-10-18,51630,Cdi,28,"28 Rue Anatole France, 34120 Pézenas",Véhicule Thermique/Électrique
67121,Pasquier,Claudine,1968-04-27,Finance,2020-09-20,68240,Cdi,27,"Bd Des Sports, 34000 Montpellier",Vélo/Trottinette/Autres
76076,Moreno,André,1981-02-16,Support,2020-08-29,74330,Cdi,26,"141 Rue De La Plage, 34130 Mauguio",Vélo/Trottinette/Autres
60437,Delattre,Danielle,1968-10-24,Finance,2023-09-23,29090,Cdi,27,"328 All. De L'Iliade, 34280 La Grande-Motte",Véhicule Thermique/Électrique
33872,Poirier,Laure,1979-10-03,Ventes,2022-08-07,51020,Cdi,26,"162 Av. De La Paix, 34290 Montblanc",Véhicule Thermique/Électrique
23842,Schneider,Jules,1986-07-25,Ventes,2024-04-05,51010,Cdi,29,"79 Rue Des Écoles, 34920 Le Crès",Transports En Commun
66386,Lacroix,Susanne,1961-01-08,Finance,2025-01-15,55310,Cdi,26,"189 Pl. Des Écoles, 34970 Lattes",Marche/Running
75791,Olivier,Caroline,1987-05-30,Marketing,2021-07-07,56010,Cdi,27,"Rue Des Écoles, 34120 Lézignan-La-Cèbe",Véhicule Thermique/Électrique
55153,Delmas,Colette,1971-08-28,Finance,2022-10-01,42280,Cdi,29,"178 Rue De La Lucques, 34150 Aniane",Véhicule Thermique/Électrique
91916,Legrand,Margaud,1983-10-13,Finance,2020-05-19,47530,Cdi,27,"72 Rue Des Pins, 34470 Pérols",Vélo/Trottinette/Autres
50316,Roux,Juliette,1993-11-06,Finance,2024-01-24,64970,Cdd,27,"36 Bis Rue Paul Verlaine, 34130 Mauguio",Véhicule Thermique/Électrique
49419,Bernard,Denise,1972-02-24,Finance,2020-09-01,42530,Cdi,28,"13 Bd Des Sports, 34000 Montpellier",Vélo/Trottinette/Autres
30945,Grenier,Hugues,1975-01-02,Finance,2024-10-07,71640,Cdi,26,"90 Av. De La Liberté, 34070 Montpellier",Vélo/Trottinette/Autres
29793,Chauvin,Marine,1970-07-26,Finance,2023-09-14,47780,Cdi,29,"121 Bd Des Sports, 34000 Montpellier",Transports En Commun
41293,Marchand,Sabine,1996-10-22,Support,2023-12-29,55910,Cdi,29,"6 Rue Des Bougainvilliers, 34970 Lattes",Vélo/Trottinette/Autres
96902,Durand,Nicole,1971-10-17,Marketing,2021-08-09,45910,Cdi,28,"19 Rue De L'Église, 34250 Palavas-Les-Flots",Vélo/Trottinette/Autres
42472,Devaux,Charles,1997-02-09,Support,2024-02-28,26830,Cdi,27,"103 Rue Joseph Guerre, 34070 Montpellier",Transports En Commun
69938,Guillou,Valérie,1978-12-13,Ventes,2021-06-05,38840,Cdi,26,"7 Rue Alphonse Daudet, 34470 Pérols",Vélo/Trottinette/Autres
70933,Leconte,Sébastien,1984-12-27,Ventes,2024-12-17,49630,Cdi,27,"13 Rue Du Marché, 34560 Montbazin",Véhicule Thermique/Électrique
46903,Leleu,Luc,1994-02-02,Support,2022-04-06,71330,Cdi,29,"57 Av. Des Pins, 34130 Valergues",Vélo/Trottinette/Autres
93699,Klein,Dominique,1992-02-11,Finance,2024-10-22,51150,Cdd,28,"103 All. Des Pins, 34170 Castelnau-Le-Lez",Transports En Commun
78962,Perrot,Margot,1980-06-28,R&D,2021-07-18,48700,Cdi,27,"20 Rue De La Petite Calade, 34660 Cournonterral",Véhicule Thermique/Électrique
90813,Baudry,Gilles,1961-08-15,Support,2021-03-28,35650,Cdi,29,"88 Av. De La Liberté, 34070 Montpellier",Vélo/Trottinette/Autres
31222,Gonzalez,Luc,1973-08-05,R&D,2021-01-29,56020,Cdi,26,"1 Rue Du Stade, 34820 Teyran",Véhicule Thermique/Électrique
12497,Fontaine,Gabriel,1961-06-03,R&D,2023-01-30,27820,Cdi,25,"Rue Du N, 34920 Le Crès",Vélo/Trottinette/Autres
90207,Wagner,Andréa,1963-04-02,Marketing,2024-06-21,68430,Cdi,28,"Av. De La Gare, 34540 Balaruc-Les-Bains",Véhicule Thermique/Électrique
48260,Maillet,Théodore,1973-05-20,R&D,2024-05-11,52600,Cdi,29,"Rue Rosset, 34000 Montpellier",Transports En Commun
46304,Pichon,Benjamin,1994-08-02,R&D,2021-07-24,72240,Cdi,27,"50 Rue Du Port, 34280 La Grande-Motte",Véhicule Thermique/Électrique
73367,Verdier,Simon,1987-07-11,Marketing,2022-05-05,69840,Cdi,27,"485 Anc. Chem. Du Moulin, 34270 Les Matelles",Véhicule Thermique/Électrique
42328,Da Costa,Alain,1990-02-14,Support,2023-03-24,69510,Cdi,25,"97 Rte De La Mer, 34400 Lunel",Véhicule Thermique/Électrique
59804,Morin,Aurélien,1963-08-10,R&D,2021-10-06,73500,Cdi,28,"13 Bis Rue Des Anémones, 34000 Montpellier",Transports En Commun
84603,Jean,Marcelle,1961-02-20,Support,2023-09-24,26970,Cdi,25,"222 Rue Georges Bizet, 34130 Mauguio",Vélo/Trottinette/Autres
57589,Petitjean,Aurélie,1990-03-06,Finance,2024-04-07,27270,Cdi,27,"75 Rue Des Écoles, 34980 Saint-Clément-De-Rivière",Véhicule Thermique/Électrique
92368,Torres,Emmanuelle,2001-06-25,Marketing,2020-04-21,74310,Cdi,28,"Pl. De La Liberté, 34470 Pérols",Vélo/Trottinette/Autres
20157,Menard,Damien,2000-04-18,Ventes,2023-01-11,50580,Cdi,28,"6 Pl. De La République, 34700 Lodève",Véhicule Thermique/Électrique
49571,Meyer,Alfred,1960-08-09,Finance,2023-05-22,45740,Cdi,26,"40 Rue Jean Jaurès, 34590 Marsillargues",Véhicule Thermique/Électrique
41377,Faure,Emmanuelle,1998-06-16,Support,2025-03-05,52920,Cdi,25,"Rue Du Ctre, 34160 Saint-Drézéry",Véhicule Thermique/Électrique
22092,Gilbert,Lucas,1984-05-08,Marketing,2023-12-11,53050,Cdi,27,"77 Bd Des Écoles, 34750 Villeneuve-Lès-Maguelone",Vélo/Trottinette/Autres
20377,Boutin,Génée,1980-11-29,Ventes,2022-06-06,42670,Cdi,26,"140 Rue Du Stade, 30920 Codognan",Véhicule Thermique/Électrique
29456,Gosselin,Capucine,2002-02-13,Ventes,2024-02-18,48130,Cdi,26,"2 Rue Palladio, 34970 Lattes",Vélo/Trottinette/Autres
88193,Gomez,Daniel,1967-09-24,R&D,2022-07-05,62410,Cdi,25,"194 Rue Des Amours D'Antan, 34980 Saint-Gély-Du-Fesc",Véhicule Thermique/Électrique
60948,Guillot,Gégoire,1978-07-31,Ventes,2024-12-02,33130,Cdd,29,"40 Pl. Des Écoles, 34970 Lattes",Marche/Running
92440,Lacroix,Sébastien,1975-02-13,Marketing,2024-09-27,35320,Cdd,27,"369 Chem. Du Thym, 34170 Castelnau-Le-Lez",Transports En Commun
86486,Marchand,Emmanuel,1990-12-22,Ventes,2022-06-19,37120,Cdi,27,"3 All. Des Cévennes, 34630 Saint-Thibéry",Véhicule Thermique/Électrique
56263,Hernandez,William,1975-02-28,Support,2021-12-23,34090,Cdi,29,"246 Rue Du Boulidou, 34980 Saint-Clément-De-Rivière",Véhicule Thermique/Électrique
59040,Lefebvre,William,1984-01-20,Finance,2023-07-31,38460,Cdi,29,"9 Rue Du Lierre, 34850 Pinet",Véhicule Thermique/Électrique
29450,Lambert,Julie,1990-02-14,R&D,2023-10-07,35470,Cdi,25,"36 Rue De La Condamine, 34970 Lattes",Véhicule Thermique/Électrique
74171,Grondin,Bertrand,1988-04-26,Finance,2024-12-09,72520,Cdi,29,"49 Pl. Du Marché, 34250 Palavas-Les-Flots",Vélo/Trottinette/Autres
31453,Renard,Bertrand,1999-06-01,Marketing,2022-05-30,69560,Cdi,29,"6 Av. Des Pins, 34570 Montarnaud",Véhicule Thermique/Électrique
53944,Lebon,Nath,1994-07-26,Support,2024-05-18,56100,Cdi,29,"58 Bd Ernest Renan, 34000 Montpellier",Vélo/Trottinette/Autres
27483,Raymond,Juliette,1978-06-14,R&D,2022-10-06,55910,Cdi,25,"Rue Du Ctre, 34160 Saint-Drézéry",Véhicule Thermique/Électrique
48154,Gosselin,Simone,1981-10-29,Finance,2022-09-01,65640,Cdi,25,"Rue Des Vignes, 34070 Montpellier",Vélo/Trottinette/Autres
79919,Dupré,Alain,1977-09-23,Support,2022-10-07,58380,Cdi,28,"229 Rue Albert Camus, 34660 Cournonterral",Véhicule Thermique/Électrique
71657,Delattre,Joseph,1966-01-29,R&D,2024-02-25,30880,Cdi,29,"17 Av. De La Gare, 34770 Gigean",Véhicule Thermique/Électrique
34922,Da Silva,Claire,1986-03-16,Ventes,2023-08-22,54170,Cdi,25,"61 Rue Jean Jaurès, 34200 Sète",Véhicule Thermique/Électrique
42234,Benard,Anais,1962-12-07,R&D,2023-02-17,46210,Cdi,25,"5 Rue Des Ecoles, 34830 Clapiers",Transports En Commun
96558,Munoz,Suzanne,1971-07-07,Support,2022-09-01,48040,Cdi,28,"179 Chem. De La Rocheuse, 34170 Castelnau-Le-Lez",Véhicule Thermique/Électrique
86692,Hernandez,Marie,1961-01-01,Marketing,2022-06-06,39050,Cdi,27,"90 Av. De La Plage, 34450 Vias",Véhicule Thermique/Électrique
50866,Techer,Roger,1987-04-18,Ventes,2022-02-19,49230,Cdi,25,"16 Rue Des Roses, 34970 Lattes",Marche/Running
35731,Morvan,Laurence,2001-07-05,Ventes,2021-06-14,63450,Cdi,26,"46 Rue Des Écoles, 34470 Pérols",Vélo/Trottinette/Autres
51866,Carre,Marguerite,2000-06-09,Ventes,2023-10-19,54220,Cdi,25,"30 Rue Des Vignes, 34970 Lattes",Marche/Running
19260,Marchand,René,1961-06-10,Finance,2023-08-24,68300,Cdi,26,"1 Rue De La Paix, 34130 Saint-Aunès",Transports En Commun
82858,Colas,Nathalie,1970-12-30,Marketing,2023-04-19,31820,Cdi,25,"125 Rue Du Port, 34280 La Grande-Motte",Vélo/Trottinette/Autres
50955,Godard,Margaud,1992-05-23,Support,2022-03-29,67480,Cdi,25,"99 Rue Du N, 34920 Le Crès",Vélo/Trottinette/Autres
43965,Tanguy,Timothã©E,1986-06-15,Ventes,2024-02-07,54180,Cdi,27,"100 Av. De La Gare, 34970 Lattes",Marche/Running
42960,Normand,Michel,1994-10-26,Ventes,2025-01-10,26320,Cdd,29,"17 Rue Maguelone, 34250 Palavas-Les-Flots",Vélo/Trottinette/Autres
13780,Renard,Sylvain,1982-11-29,Finance,2024-04-11,60200,Cdi,25,"56 Imp. Robespierre, 34130 Mauguio",Vélo/Trottinette/Autres
18941,Guillou,Gilles,1986-12-23,Finance,2025-02-27,59910,Cdi,29,"68 Bd Des Écoles, 34750 Villeneuve-Lès-Maguelone",Vélo/Trottinette/Autres
81676,Breton,Jeannine,1966-06-24,Ventes,2022-01-22,48430,Cdi,29,"27 Av. Du Général Leclerc, 34470 Pérols",Marche/Running
27069,Delahaye,Philippe,1996-09-10,Support,2020-11-27,56380,Cdi,29,"59 Chem. Des Pins, 34170 Castelnau-Le-Lez",Véhicule Thermique/Électrique
30256,Dumas,Odette,1960-12-22,Ventes,2023-04-08,45170,Cdi,29,"2 Rue Du Nord, 34920 Le Crès",Véhicule Thermique/Électrique
94680,Pineau,Henri,1973-11-16,Marketing,2025-01-24,64180,Cdd,26,"5 Av. De La Liberté, 34070 Montpellier",Vélo/Trottinette/Autres
